{"cameraMode":{"drawMode":0,"name":"Shaded","section":"Shading Mode"},"sceneLighting":true,"audioPlay":false,"sceneViewState":{"showFog":true,"showMaterialUpdate":false,"showSkybox":true,"showFlares":true,"showImageEffects":true,"showParticleSystems":true},"in2DMode":false,"pivot":{"x":0.02700681984424591,"y":0.08622501790523529,"z":0.06868983805179596},"rotation":{"x":-0.058889854699373248,"y":-0.6460943222045898,"z":0.05010725557804108,"w":-0.7593308687210083},"size":0.19437409937381745,"orthographic":false}